City,Date,PM2.5,PM10,NO,NO2,NOx,NH3,CO,SO2,O3,Benzene,Toluene,Xylene,AQI,AQI_Bucket
Thiruvananthapuram,2018-05-25,12.04,17.46,3.1,17.27,11.59,4.28,0.6,3.77,53.64,0.0,12.5,3.42,84.0,Satisfactory
Thiruvananthapuram,2018-05-26,22.6,44.1,2.88,15.31,10.47,2.75,0.95,5.08,54.81,0.0,12.5,3.42,78.0,Satisfactory
Thiruvananthapuram,2018-05-27,10.94,27.03,2.94,8.48,6.89,2.12,0.74,4.98,56.46,0.0,12.5,3.42,69.0,Satisfactory
Thiruvananthapuram,2018-05-28,13.24,40.0,3.0,7.56,6.47,3.52,1.0,5.22,50.82,0.0,12.5,3.42,83.0,Satisfactory
Thiruvananthapuram,2018-05-29,14.46,41.09,3.08,7.98,6.53,4.01,0.89,5.53,43.54,0.0,12.5,3.42,59.0,Satisfactory
Thiruvananthapuram,2018-05-30,14.78,32.33,3.1,12.02,8.92,3.44,0.86,4.93,40.51,0.0,12.5,3.42,59.0,Satisfactory
Thiruvananthapuram,2018-05-31,18.75,42.4,2.8,15.81,10.54,3.65,1.0,5.15,32.53,0.0,12.5,3.42,59.0,Satisfactory
Thiruvananthapuram,2018-06-01,17.99,36.25,2.85,16.73,11.14,3.44,1.01,6.04,26.52,0.0,12.5,3.42,66.0,Satisfactory
Thiruvananthapuram,2018-06-02,13.59,27.32,3.1,16.03,10.85,3.04,0.86,5.44,28.29,0.0,12.5,3.42,59.0,Satisfactory
Thiruvananthapuram,2018-06-03,11.68,22.6,3.15,13.39,9.69,2.72,0.72,4.82,30.1,0.0,12.5,3.42,49.0,Good
Thiruvananthapuram,2018-06-04,16.7,30.1,2.79,17.41,11.47,2.6,0.92,5.28,29.15,0.0,12.5,3.42,58.0,Satisfactory
Thiruvananthapuram,2018-06-05,17.04,37.16,2.97,22.39,14.09,2.32,1.08,5.86,24.34,0.0,12.5,3.42,78.0,Satisfactory
Thiruvananthapuram,2018-06-06,17.49,33.78,3.24,14.35,10.11,2.67,0.92,6.22,26.6,0.0,12.5,3.42,70.0,Satisfactory
Thiruvananthapuram,2018-06-07,15.77,27.33,2.73,19.38,12.49,3.26,0.73,6.53,20.39,0.0,12.5,3.42,64.0,Satisfactory
Thiruvananthapuram,2018-06-08,13.57,43.69,3.22,9.14,7.38,2.87,0.89,4.84,26.3,0.0,12.5,3.42,60.0,Satisfactory
Thiruvananthapuram,2018-06-09,10.75,40.67,3.19,2.08,3.59,2.36,0.6,6.0,28.03,0.0,12.5,3.42,51.0,Satisfactory
Thiruvananthapuram,2018-06-10,5.19,36.92,3.19,1.89,3.16,2.39,0.58,5.36,23.88,0.0,12.5,3.42,44.0,Good
Thiruvananthapuram,2018-06-11,13.23,43.69,3.06,5.15,5.14,2.1,0.8,5.64,24.69,0.0,12.5,3.42,48.0,Good
Thiruvananthapuram,2018-06-12,13.4,53.74,3.01,9.16,7.3,2.12,0.86,5.95,24.44,0.0,12.5,3.42,53.0,Satisfactory
Thiruvananthapuram,2018-06-13,13.5,39.6,3.08,13.25,9.46,1.65,0.79,4.97,25.84,0.0,12.5,3.42,59.0,Satisfactory
Thiruvananthapuram,2018-06-14,13.45,28.3,3.18,9.14,7.36,1.83,0.7,5.79,28.12,0.0,12.5,3.42,49.0,Good
Thiruvananthapuram,2018-06-15,12.81,30.9,3.21,9.67,7.75,1.97,0.76,5.97,28.01,0.0,12.5,3.42,46.0,Good
Thiruvananthapuram,2018-06-16,12.34,28.76,3.12,14.24,10.07,1.48,0.71,5.94,27.71,0.0,12.5,3.42,54.0,Satisfactory
Thiruvananthapuram,2018-06-17,11.32,31.95,3.25,11.75,8.89,1.56,0.76,5.44,20.83,0.0,12.5,3.42,47.0,Good
Thiruvananthapuram,2018-06-18,13.09,38.2,3.06,14.69,10.31,1.54,0.93,5.25,24.01,0.0,12.5,3.42,56.0,Satisfactory
Thiruvananthapuram,2018-06-19,15.52,63.21,2.99,12.1,8.82,1.51,0.93,6.17,20.66,0.0,12.5,3.42,66.0,Satisfactory
Thiruvananthapuram,2018-06-20,16.72,49.12,3.03,10.55,7.92,1.42,0.71,5.1,25.56,0.0,12.5,3.42,59.0,Satisfactory
Thiruvananthapuram,2018-06-21,20.49,44.95,3.04,12.9,9.3,1.84,0.77,6.0,28.31,0.0,12.5,3.42,57.0,Satisfactory
Thiruvananthapuram,2018-06-22,19.2,45.68,3.05,14.11,9.99,2.13,0.98,5.57,30.81,0.0,12.5,3.42,66.0,Satisfactory
Thiruvananthapuram,2018-06-23,17.08,44.56,3.12,13.06,9.49,2.71,0.74,5.87,27.3,0.0,12.5,3.42,53.0,Satisfactory
Thiruvananthapuram,2018-06-24,15.29,25.55,3.1,10.06,7.85,2.53,0.81,5.83,29.0,0.0,12.5,3.42,51.0,Satisfactory
Thiruvananthapuram,2018-06-25,13.66,41.84,3.15,8.46,7.0,2.29,0.62,5.71,25.78,0.0,12.5,3.42,44.0,Good
Thiruvananthapuram,2018-06-26,15.12,39.79,3.24,5.81,5.72,2.89,0.94,5.67,24.74,0.0,12.5,3.42,55.0,Satisfactory
Thiruvananthapuram,2018-06-27,13.41,39.18,3.26,2.6,3.96,2.54,0.83,5.64,22.35,0.0,12.5,3.42,51.0,Satisfactory
Thiruvananthapuram,2018-06-28,14.5,34.99,3.53,5.59,5.83,3.13,0.67,6.63,26.13,0.0,12.5,3.42,51.0,Satisfactory
Thiruvananthapuram,2018-06-29,17.1,38.49,3.04,8.25,6.86,3.6,0.83,5.19,29.35,0.0,12.5,3.42,49.0,Good
Thiruvananthapuram,2018-06-30,15.49,35.9,3.1,10.12,7.91,4.25,0.8,5.16,35.28,0.0,12.5,3.42,52.0,Satisfactory
Thiruvananthapuram,2018-07-01,17.82,33.89,3.26,7.74,6.75,3.45,0.68,6.42,33.36,0.0,12.5,3.42,48.0,Good
Thiruvananthapuram,2018-07-02,19.23,34.53,3.1,9.0,7.28,3.03,0.74,5.33,32.83,0.0,12.5,3.42,46.0,Good
Thiruvananthapuram,2018-07-03,23.0,43.26,3.11,9.57,7.62,2.94,0.83,6.47,30.42,0.0,12.5,3.42,53.0,Satisfactory
Thiruvananthapuram,2018-07-04,18.41,42.32,3.16,6.67,6.12,2.42,0.88,6.52,28.5,0.0,12.5,3.42,56.0,Satisfactory
Thiruvananthapuram,2018-07-05,19.07,40.65,2.94,7.66,6.46,2.48,0.8,5.86,28.1,0.0,12.5,3.42,51.0,Satisfactory
Thiruvananthapuram,2018-07-06,18.6,46.16,3.02,8.43,6.94,2.39,0.78,6.89,31.54,0.0,12.5,3.42,51.0,Satisfactory
Thiruvananthapuram,2018-07-07,16.08,44.91,3.13,8.66,7.15,1.89,0.78,5.85,29.99,0.0,12.5,3.42,53.0,Satisfactory
Thiruvananthapuram,2018-07-08,7.0,36.83,3.17,7.14,6.37,1.98,0.72,5.98,29.37,0.0,12.5,3.42,46.0,Good
Thiruvananthapuram,2018-07-09,15.77,29.21,3.28,11.32,8.48,1.88,0.79,7.12,29.82,0.0,12.5,3.42,50.0,Good
Thiruvananthapuram,2018-07-10,10.73,27.82,3.1,14.09,9.82,1.69,0.81,6.66,27.51,0.0,12.5,3.42,65.0,Satisfactory
Thiruvananthapuram,2018-07-11,17.48,36.89,2.81,12.2,8.77,1.72,0.84,7.0,30.21,0.0,12.5,3.42,53.0,Satisfactory
Thiruvananthapuram,2018-07-12,16.18,39.8,2.99,10.8,8.03,1.94,0.87,5.75,28.53,0.0,12.5,3.42,60.0,Satisfactory
Thiruvananthapuram,2018-07-13,17.58,46.58,3.02,11.87,8.77,2.25,0.92,5.02,26.85,0.0,12.5,3.42,65.0,Satisfactory
Thiruvananthapuram,2018-07-14,11.88,36.38,3.06,8.59,7.06,1.99,0.75,6.97,27.58,0.0,12.5,3.42,50.0,Good
Thiruvananthapuram,2018-07-15,9.01,21.69,3.06,6.91,5.91,1.91,0.66,6.22,28.42,0.0,12.5,3.42,42.0,Good
Thiruvananthapuram,2018-07-16,10.5,26.23,2.95,5.67,5.21,1.99,0.67,4.0,31.16,0.0,12.5,3.42,43.0,Good
Thiruvananthapuram,2018-07-17,11.1,27.05,2.97,5.97,5.03,1.84,0.62,5.61,34.97,0.0,12.5,3.42,43.0,Good
Thiruvananthapuram,2018-07-18,15.43,41.07,2.9,8.0,6.61,1.72,0.71,6.37,35.13,0.0,12.5,3.42,44.0,Good
Thiruvananthapuram,2018-07-19,13.54,35.93,2.98,9.67,7.42,1.79,0.81,6.38,33.87,0.0,12.5,3.42,52.0,Satisfactory
Thiruvananthapuram,2018-07-20,14.45,46.7,2.98,11.27,8.41,1.73,0.76,5.93,34.64,0.0,12.5,3.42,53.0,Satisfactory
Thiruvananthapuram,2018-07-21,18.23,62.76,3.1,8.35,6.96,2.0,0.82,5.89,34.21,0.0,12.5,3.42,57.0,Satisfactory
Thiruvananthapuram,2018-07-22,18.23,58.53,3.08,4.55,4.92,2.0,0.74,5.17,34.36,0.0,12.5,3.42,64.0,Satisfactory
Thiruvananthapuram,2018-07-23,18.71,65.29,2.87,6.27,5.67,1.95,0.91,6.24,32.27,0.0,12.5,3.42,58.0,Satisfactory
Thiruvananthapuram,2018-07-24,13.41,43.0,2.89,5.95,5.51,1.85,0.8,5.13,30.19,0.0,12.5,3.42,56.0,Satisfactory
Thiruvananthapuram,2018-07-25,12.69,34.25,2.99,6.46,5.86,1.8,0.75,6.28,30.52,0.0,12.5,3.42,49.0,Good
Thiruvananthapuram,2018-07-26,14.85,40.29,2.95,8.08,6.68,1.82,0.74,6.06,27.3,0.0,12.5,3.42,53.0,Satisfactory
Thiruvananthapuram,2018-07-27,16.1,46.1,3.0,6.93,6.11,1.77,0.9,6.64,30.17,0.0,12.5,3.42,50.0,Good
Thiruvananthapuram,2018-07-28,18.51,54.71,2.92,8.08,6.65,2.13,0.95,5.73,30.96,0.0,12.5,3.42,62.0,Satisfactory
Thiruvananthapuram,2018-07-29,17.59,50.25,3.09,5.91,5.66,2.25,0.87,5.23,30.49,0.0,12.5,3.42,61.0,Satisfactory
Thiruvananthapuram,2018-07-30,13.55,37.53,2.91,5.95,5.53,2.21,0.93,5.99,28.73,0.0,12.5,3.42,58.0,Satisfactory
Thiruvananthapuram,2018-07-31,13.44,25.9,2.87,12.14,8.65,1.82,1.02,5.48,27.66,0.0,12.5,3.42,64.0,Satisfactory
Thiruvananthapuram,2018-08-01,14.91,39.67,2.94,15.24,10.4,1.65,1.07,5.96,24.5,0.0,12.5,3.42,70.0,Satisfactory
Thiruvananthapuram,2018-08-02,14.62,36.35,2.86,10.09,7.69,1.96,0.95,4.65,29.3,0.0,12.5,3.42,62.0,Satisfactory
Thiruvananthapuram,2018-08-03,18.7,37.27,2.83,8.53,6.83,1.89,0.98,5.55,26.01,0.0,12.5,3.42,62.0,Satisfactory
Thiruvananthapuram,2018-08-04,19.14,42.58,2.89,8.14,6.69,1.84,1.04,6.02,27.58,0.0,12.5,3.42,67.0,Satisfactory
Thiruvananthapuram,2018-08-05,11.14,33.81,2.96,4.41,4.62,2.02,1.06,5.43,29.14,0.0,12.5,3.42,62.0,Satisfactory
Thiruvananthapuram,2018-08-06,9.04,28.54,2.81,5.17,4.99,1.97,1.0,4.48,27.11,0.0,12.5,3.42,62.0,Satisfactory
Thiruvananthapuram,2018-08-07,9.51,30.15,2.95,5.07,4.6,1.8,1.05,5.95,30.42,0.0,12.5,3.42,63.0,Satisfactory
Thiruvananthapuram,2018-08-08,11.16,25.2,2.9,7.21,6.1,1.87,1.12,6.03,30.15,0.0,12.5,3.42,69.0,Satisfactory
Thiruvananthapuram,2018-08-09,9.21,39.6,2.87,8.03,6.5,1.79,1.16,4.98,29.02,0.0,12.5,3.42,73.0,Satisfactory
Thiruvananthapuram,2018-08-10,8.67,27.55,2.8,3.96,4.31,1.95,1.05,4.96,30.69,0.0,12.5,3.42,66.0,Satisfactory
Thiruvananthapuram,2018-08-11,11.88,31.22,2.91,3.27,4.07,2.21,1.15,5.82,31.29,0.0,12.5,3.42,69.0,Satisfactory
Thiruvananthapuram,2018-08-12,10.35,29.91,2.98,4.77,4.93,2.13,1.14,4.93,30.56,0.0,12.5,3.42,74.0,Satisfactory
Thiruvananthapuram,2018-08-13,10.5,31.66,2.81,7.6,6.25,2.04,1.4,5.75,28.25,0.0,12.5,3.42,81.0,Satisfactory
Thiruvananthapuram,2018-08-14,6.88,28.88,2.91,5.1,5.02,2.09,1.29,5.72,30.65,0.0,12.5,3.42,92.0,Satisfactory
Thiruvananthapuram,2018-08-15,6.0,42.0,2.85,2.62,3.18,1.56,0.44,6.13,20.32,0.0,12.5,3.42,68.0,Satisfactory
Thiruvananthapuram,2018-08-16,12.86,34.43,2.86,6.52,5.66,1.88,1.1,5.77,32.6,0.0,12.5,3.42,106.0,Moderate
Thiruvananthapuram,2018-08-17,6.92,27.58,2.78,6.8,5.87,2.19,1.17,4.56,27.92,0.0,12.5,3.42,69.0,Satisfactory
Thiruvananthapuram,2018-08-18,10.26,28.14,2.93,7.48,5.73,2.19,1.36,5.12,31.71,0.0,12.5,3.42,81.0,Satisfactory
Thiruvananthapuram,2018-08-19,9.45,30.3,2.92,5.9,5.5,2.09,1.42,5.57,30.22,0.0,12.5,3.42,84.0,Satisfactory
Thiruvananthapuram,2018-08-20,11.81,39.35,2.8,6.29,5.62,2.07,1.78,5.11,28.91,0.0,12.5,3.42,93.0,Satisfactory
Thiruvananthapuram,2018-08-21,12.68,44.17,2.95,7.29,6.27,2.32,1.53,6.39,28.41,0.0,12.5,3.42,108.0,Moderate
Thiruvananthapuram,2018-08-22,17.56,46.05,2.91,4.72,4.87,2.32,1.13,5.51,33.17,0.0,12.5,3.42,73.0,Satisfactory
Thiruvananthapuram,2018-08-23,14.31,43.2,2.78,5.11,4.98,2.17,1.01,6.5,32.85,0.0,12.5,3.42,62.0,Satisfactory
Thiruvananthapuram,2018-08-24,21.91,50.41,2.97,5.3,5.24,2.31,1.13,6.51,35.73,0.0,12.5,3.42,69.0,Satisfactory
Thiruvananthapuram,2018-08-25,15.88,42.72,3.01,4.2,4.64,2.22,1.73,5.95,37.06,0.0,12.5,3.42,92.0,Satisfactory
Thiruvananthapuram,2018-08-26,16.86,39.71,2.97,4.5,4.81,2.25,2.45,5.47,35.95,0.0,12.5,3.42,112.0,Moderate
Thiruvananthapuram,2018-08-27,15.94,37.14,2.88,4.3,4.58,2.28,2.73,6.19,35.69,0.0,12.5,3.42,114.0,Moderate
Thiruvananthapuram,2018-08-28,9.94,24.86,3.02,2.92,3.98,2.13,2.11,5.38,37.07,0.0,12.5,3.42,112.0,Moderate
Thiruvananthapuram,2018-08-29,10.58,33.98,2.93,5.04,5.06,2.27,0.82,6.49,36.37,0.0,12.5,3.42,57.0,Satisfactory
Thiruvananthapuram,2018-08-30,20.16,41.24,2.93,5.23,5.16,2.44,0.64,6.38,35.02,0.0,12.5,3.42,51.0,Satisfactory
Thiruvananthapuram,2018-08-31,18.13,47.25,2.8,5.98,5.45,2.43,0.91,6.35,30.68,0.0,12.5,3.42,53.0,Satisfactory
Thiruvananthapuram,2018-09-01,23.44,56.07,2.94,7.1,6.16,2.72,0.79,5.98,34.09,0.0,12.5,3.42,61.0,Satisfactory
Thiruvananthapuram,2018-09-02,19.24,52.38,2.93,4.64,4.85,2.7,0.78,6.07,35.3,0.0,12.5,3.42,56.0,Satisfactory
Thiruvananthapuram,2018-09-03,20.49,50.48,2.89,6.64,5.87,2.61,0.81,6.02,35.03,0.0,12.5,3.42,54.0,Satisfactory
Thiruvananthapuram,2018-09-04,20.0,51.27,2.97,5.82,5.51,2.62,0.77,5.56,38.92,0.0,12.5,3.42,58.0,Satisfactory
Thiruvananthapuram,2018-09-05,22.06,55.46,2.8,6.44,5.69,2.46,0.81,5.48,37.14,0.0,12.5,3.42,59.0,Satisfactory
Thiruvananthapuram,2018-09-06,16.12,52.45,2.92,6.96,6.08,2.39,0.79,6.72,36.66,0.0,12.5,3.42,58.0,Satisfactory
Thiruvananthapuram,2018-09-07,17.55,45.48,2.88,6.46,5.73,2.47,0.9,6.0,31.62,0.0,12.5,3.42,58.0,Satisfactory
Thiruvananthapuram,2018-09-08,17.14,43.17,3.0,4.86,4.99,2.83,0.78,5.5,37.88,0.0,12.5,3.42,55.0,Satisfactory
Thiruvananthapuram,2018-09-09,17.14,43.17,3.0,4.86,4.99,2.83,0.78,5.5,37.88,0.0,12.5,3.42,63.0,Satisfactory
Thiruvananthapuram,2018-09-10,18.86,50.89,2.88,5.72,5.37,3.51,0.52,8.14,42.27,0.0,12.5,3.42,63.0,Satisfactory
Thiruvananthapuram,2018-09-11,22.24,60.76,2.95,8.42,6.83,2.6,0.76,5.19,40.49,0.0,12.5,3.42,63.0,Satisfactory
Thiruvananthapuram,2018-09-12,24.4,67.26,2.9,7.36,6.27,2.5,0.85,5.86,44.4,0.0,12.5,3.42,70.0,Satisfactory
Thiruvananthapuram,2018-09-13,25.5,68.99,2.98,7.82,6.58,2.57,0.88,6.73,38.85,0.0,12.5,3.42,68.0,Satisfactory
Thiruvananthapuram,2018-09-14,28.03,72.04,2.87,9.43,7.34,2.63,0.93,6.44,42.35,0.0,12.5,3.42,76.0,Satisfactory
Thiruvananthapuram,2018-09-15,28.44,64.05,2.8,8.62,6.84,3.08,0.81,7.36,41.8,0.0,12.5,3.42,73.0,Satisfactory
Thiruvananthapuram,2018-09-16,19.46,43.68,3.04,6.65,6.0,3.19,0.81,7.35,42.2,0.0,12.5,3.42,62.0,Satisfactory
Thiruvananthapuram,2018-09-17,18.96,43.82,2.77,8.43,6.74,3.02,0.83,6.45,35.51,0.0,12.5,3.42,50.0,Good
Thiruvananthapuram,2018-09-18,12.38,35.01,2.88,7.9,6.53,2.54,0.84,6.07,31.54,0.0,12.5,3.42,55.0,Satisfactory
Thiruvananthapuram,2018-09-19,17.14,39.68,2.74,8.21,6.6,2.65,0.84,5.56,32.06,0.0,12.5,3.42,53.0,Satisfactory
Thiruvananthapuram,2018-09-20,14.31,32.57,2.89,6.06,5.57,2.39,0.88,5.05,36.96,0.0,12.5,3.42,54.0,Satisfactory
Thiruvananthapuram,2018-09-21,20.42,60.69,2.92,6.71,5.94,2.33,0.83,5.15,40.99,0.0,12.5,3.42,55.0,Satisfactory
Thiruvananthapuram,2018-09-22,21.49,56.28,2.77,6.82,5.87,2.5,0.9,5.45,36.52,0.0,12.5,3.42,67.0,Satisfactory
Thiruvananthapuram,2018-09-23,13.45,30.23,2.88,4.45,4.63,2.53,0.75,5.68,31.89,0.0,12.5,3.42,53.0,Satisfactory
Thiruvananthapuram,2018-09-24,16.64,29.76,2.69,7.85,6.28,2.39,0.87,5.26,32.13,0.0,12.5,3.42,52.0,Satisfactory
Thiruvananthapuram,2018-09-25,24.56,45.89,2.64,9.65,7.28,2.62,0.95,5.71,36.49,0.0,12.5,3.42,62.0,Satisfactory
Thiruvananthapuram,2018-09-26,24.19,47.71,2.91,6.06,5.56,2.9,0.86,6.39,37.66,0.0,12.5,3.42,57.0,Satisfactory
Thiruvananthapuram,2018-09-27,22.38,41.11,2.86,6.63,5.74,2.69,0.96,5.6,44.87,0.0,12.5,3.42,66.0,Satisfactory
Thiruvananthapuram,2018-09-28,26.0,45.3,2.9,7.34,6.2,2.51,0.94,5.42,36.45,0.0,12.5,3.42,62.0,Satisfactory
Thiruvananthapuram,2018-09-29,15.29,27.84,2.83,7.36,6.2,2.53,0.97,5.54,40.25,0.0,12.5,3.42,58.0,Satisfactory
Thiruvananthapuram,2018-09-30,21.93,35.57,2.82,8.24,6.66,2.83,0.96,5.25,31.92,0.0,12.5,3.42,57.0,Satisfactory
Thiruvananthapuram,2018-10-01,23.75,43.0,2.86,9.79,7.53,2.58,1.14,4.94,29.32,0.0,12.5,3.42,64.0,Satisfactory
Thiruvananthapuram,2018-10-02,17.33,31.2,2.76,7.0,5.91,2.9,0.89,4.85,27.34,0.0,12.5,3.42,59.0,Satisfactory
Thiruvananthapuram,2018-10-03,18.9,34.18,3.05,9.29,7.24,3.83,1.1,5.22,27.8,0.0,12.5,3.42,67.0,Satisfactory
Thiruvananthapuram,2018-10-04,14.12,29.82,2.78,11.08,8.16,3.6,0.86,5.37,28.68,0.0,12.5,3.42,72.0,Satisfactory
Thiruvananthapuram,2018-10-05,20.59,39.69,2.8,20.9,13.29,2.99,0.95,4.93,5.93,0.0,12.5,3.42,54.0,Satisfactory
Thiruvananthapuram,2018-10-06,30.33,50.39,2.8,8.2,6.57,3.15,1.16,5.57,8.34,0.0,12.5,3.42,82.0,Satisfactory
Thiruvananthapuram,2018-10-07,12.48,24.47,2.82,6.03,5.38,2.9,1.03,3.92,8.3,0.0,12.5,3.42,62.0,Satisfactory
Thiruvananthapuram,2018-10-08,13.27,26.54,2.7,7.97,6.42,2.7,1.01,5.68,8.62,0.0,12.5,3.42,78.0,Satisfactory
Thiruvananthapuram,2018-10-09,15.1,26.27,2.74,9.25,7.12,2.6,1.01,5.59,11.0,0.0,12.5,3.42,64.0,Satisfactory
Thiruvananthapuram,2018-10-10,15.43,34.46,2.77,9.88,7.47,2.6,1.04,6.49,11.47,0.0,12.5,3.42,70.0,Satisfactory
Thiruvananthapuram,2018-10-11,35.94,50.68,2.64,9.85,7.38,2.84,1.09,5.53,9.94,0.0,12.5,3.42,71.0,Satisfactory
Thiruvananthapuram,2018-10-12,38.58,67.44,2.96,8.94,7.13,3.21,1.02,5.73,10.98,0.0,12.5,3.42,71.0,Satisfactory
Thiruvananthapuram,2018-10-13,36.93,63.53,2.98,6.78,5.97,2.82,0.98,5.31,8.87,0.0,12.5,3.42,67.0,Satisfactory
Thiruvananthapuram,2018-10-14,30.14,52.64,2.91,4.82,4.88,2.39,0.96,6.65,6.88,0.0,12.5,3.42,61.0,Satisfactory
Thiruvananthapuram,2018-10-15,31.75,53.57,2.87,4.55,4.71,3.08,1.05,6.64,5.58,0.0,12.5,3.42,59.0,Satisfactory
Thiruvananthapuram,2018-10-16,19.06,35.04,2.77,6.51,5.65,3.22,1.04,5.55,7.8,0.0,12.5,3.42,63.0,Satisfactory
Thiruvananthapuram,2018-10-17,12.74,28.26,2.79,7.11,6.03,2.83,1.02,5.91,10.68,0.0,12.5,3.42,64.0,Satisfactory
Thiruvananthapuram,2018-10-18,16.07,30.33,2.9,4.4,4.19,2.98,0.84,5.69,8.91,0.0,12.5,3.42,60.0,Satisfactory
Thiruvananthapuram,2018-10-19,12.9,30.94,2.98,4.3,4.48,3.14,0.97,6.48,7.44,0.0,12.5,3.42,54.0,Satisfactory
Thiruvananthapuram,2018-10-20,13.8,28.76,2.86,6.48,5.5,3.16,1.01,5.7,6.57,0.0,12.5,3.42,69.0,Satisfactory
Thiruvananthapuram,2018-10-21,11.42,24.47,2.99,3.84,4.45,3.18,0.8,5.49,8.17,0.0,12.5,3.42,47.0,Good
Thiruvananthapuram,2018-10-22,19.09,31.72,3.11,8.11,6.18,2.72,1.05,6.15,7.22,0.0,12.5,3.42,68.0,Satisfactory
Thiruvananthapuram,2018-10-23,17.97,33.12,3.1,4.94,5.14,2.65,0.86,5.12,6.58,0.0,12.5,3.42,58.0,Satisfactory
Thiruvananthapuram,2018-10-24,30.73,56.61,3.08,8.79,6.83,2.43,1.25,5.1,7.49,0.0,12.5,3.42,70.0,Satisfactory
Thiruvananthapuram,2018-10-25,45.62,72.5,3.05,7.7,6.54,2.53,1.31,5.23,7.77,0.0,12.5,3.42,85.0,Satisfactory
Thiruvananthapuram,2018-10-26,54.28,94.45,3.18,8.97,7.34,3.25,1.49,6.05,11.76,0.0,12.5,3.42,101.0,Moderate
Thiruvananthapuram,2018-10-27,66.15,116.25,3.17,10.84,8.34,2.8,1.46,6.45,17.08,0.0,12.5,3.42,101.0,Moderate
Thiruvananthapuram,2018-10-28,57.1,96.05,3.25,5.95,5.81,2.68,1.15,6.36,10.17,0.0,12.5,3.42,119.0,Moderate
Thiruvananthapuram,2018-10-29,49.67,84.26,3.21,4.42,4.85,2.79,1.2,5.75,9.52,0.0,12.5,3.42,87.0,Satisfactory
Thiruvananthapuram,2018-10-30,51.29,90.58,3.4,3.88,4.6,3.05,1.21,5.84,20.02,0.0,12.5,3.42,87.0,Satisfactory
Thiruvananthapuram,2018-10-31,46.33,83.3,3.12,4.02,4.48,5.39,1.09,5.96,16.3,0.0,12.5,3.42,90.0,Satisfactory
Thiruvananthapuram,2018-11-01,42.05,68.11,2.85,5.92,5.37,2.71,1.19,5.16,6.09,0.0,12.5,3.42,74.0,Satisfactory
Thiruvananthapuram,2018-11-02,43.92,77.95,2.78,11.63,8.4,3.48,1.44,5.56,8.85,0.0,12.5,3.42,99.0,Satisfactory
Thiruvananthapuram,2018-11-03,11.3,27.28,2.93,9.86,7.58,2.8,1.13,5.2,36.9,0.0,12.5,3.42,88.0,Satisfactory
Thiruvananthapuram,2018-11-04,26.4,45.52,2.8,6.96,5.91,2.73,1.34,10.4,35.11,0.0,12.5,3.42,76.0,Satisfactory
Thiruvananthapuram,2018-11-05,54.98,78.08,2.78,8.5,6.62,2.56,1.4,7.32,34.42,0.0,12.5,3.42,87.0,Satisfactory
Thiruvananthapuram,2018-11-06,64.48,86.88,2.91,6.02,5.19,2.48,1.22,6.5,44.69,0.0,12.5,3.42,123.0,Moderate
Thiruvananthapuram,2018-11-07,46.01,65.46,5.14,10.97,8.93,3.47,1.39,7.09,40.15,0.0,12.5,3.42,99.0,Satisfactory
Thiruvananthapuram,2018-11-08,49.17,73.19,5.07,13.16,10.13,4.52,1.72,6.52,40.54,0.0,12.5,3.42,95.0,Satisfactory
Thiruvananthapuram,2018-11-09,40.86,60.82,5.88,7.95,8.77,5.26,1.5,6.32,37.02,0.0,12.5,3.42,93.0,Satisfactory
Thiruvananthapuram,2018-11-10,35.16,53.9,4.57,6.01,6.88,5.76,1.41,11.07,45.94,0.0,12.5,3.42,93.0,Satisfactory
Thiruvananthapuram,2018-11-11,36.27,54.12,3.99,3.33,4.35,6.15,1.2,4.37,47.14,0.0,12.5,3.42,83.0,Satisfactory
Thiruvananthapuram,2018-11-12,44.3,63.39,4.32,5.14,5.46,5.62,1.19,15.51,54.61,0.0,12.5,3.42,84.0,Satisfactory
Thiruvananthapuram,2018-11-13,43.66,59.67,4.23,5.85,5.83,5.3,1.19,4.1,64.4,0.0,12.5,3.42,82.0,Satisfactory
Thiruvananthapuram,2018-11-14,61.59,87.3,4.22,5.51,5.95,5.33,1.28,5.6,64.07,0.0,12.5,3.42,94.0,Satisfactory
Thiruvananthapuram,2018-11-15,71.71,104.39,3.87,5.26,5.54,4.71,1.37,6.12,72.01,0.0,12.5,3.42,130.0,Moderate
Thiruvananthapuram,2018-11-16,55.78,73.44,3.62,5.39,5.36,3.92,1.12,3.56,65.96,0.0,12.5,3.42,103.0,Moderate
Thiruvananthapuram,2018-11-17,51.3,76.59,3.56,8.59,3.5,5.04,1.29,4.48,51.17,0.0,12.5,3.42,88.0,Satisfactory
Thiruvananthapuram,2018-11-18,46.81,64.32,3.27,3.31,3.9,3.58,1.24,5.66,41.59,0.0,12.5,3.42,93.0,Satisfactory
Thiruvananthapuram,2018-11-19,32.55,47.35,4.39,4.72,5.55,4.24,1.23,15.55,36.38,0.0,12.5,3.42,78.0,Satisfactory
Thiruvananthapuram,2018-11-20,19.99,35.46,4.62,7.13,6.63,3.88,1.24,7.98,36.24,0.0,12.5,3.42,74.0,Satisfactory
Thiruvananthapuram,2018-11-21,22.19,36.16,4.21,6.98,6.15,3.44,1.21,4.72,43.78,0.0,12.5,3.42,75.0,Satisfactory
Thiruvananthapuram,2018-11-22,31.18,48.44,3.94,4.82,5.54,3.3,1.3,6.1,44.21,0.0,12.5,3.42,84.0,Satisfactory
Thiruvananthapuram,2018-11-23,31.22,49.24,4.03,4.23,5.3,3.41,1.18,11.65,46.36,0.0,12.5,3.42,75.0,Satisfactory
Thiruvananthapuram,2018-11-24,19.58,37.35,4.72,5.88,6.68,3.43,1.25,6.56,32.03,0.0,12.5,3.42,73.0,Satisfactory
Thiruvananthapuram,2018-11-25,27.44,44.34,3.54,3.54,4.29,3.29,1.2,5.53,41.98,0.0,12.5,3.42,76.0,Satisfactory
Thiruvananthapuram,2018-11-26,58.93,85.65,4.16,8.74,7.11,3.67,1.5,14.75,45.51,0.0,12.5,3.42,82.0,Satisfactory
Thiruvananthapuram,2018-11-27,77.51,112.18,4.21,10.58,7.92,4.23,1.56,8.29,57.6,0.0,12.5,3.42,149.0,Moderate
Thiruvananthapuram,2018-11-28,85.73,119.12,4.58,10.82,9.48,5.34,1.74,17.86,65.61,0.0,12.5,3.42,177.0,Moderate
Thiruvananthapuram,2018-11-29,75.89,108.14,4.98,8.95,8.82,5.75,1.81,8.86,44.08,0.0,12.5,3.42,183.0,Moderate
Thiruvananthapuram,2018-11-30,36.23,58.17,5.96,8.63,9.2,5.48,1.8,11.58,39.11,0.0,12.5,3.42,106.0,Moderate
Thiruvananthapuram,2018-12-01,59.39,70.75,5.7,7.98,8.86,5.12,1.96,18.65,37.8,0.0,12.5,3.42,104.0,Moderate
Thiruvananthapuram,2018-12-02,59.39,72.64,4.45,7.27,7.49,4.71,1.65,14.93,45.71,0.0,12.5,3.42,95.0,Satisfactory
Thiruvananthapuram,2018-12-03,42.7,69.66,4.62,6.21,7.02,4.95,1.61,8.44,51.9,0.0,12.5,3.42,97.0,Satisfactory
Thiruvananthapuram,2018-12-04,63.22,90.86,4.56,7.21,7.53,5.79,2.03,5.31,40.96,0.0,12.5,3.42,105.0,Moderate
Thiruvananthapuram,2018-12-05,52.66,74.59,5.7,8.22,8.93,5.49,1.95,8.6,37.22,0.0,12.5,3.42,106.0,Moderate
Thiruvananthapuram,2018-12-06,41.77,61.3,5.34,6.63,7.82,4.2,1.76,5.11,30.73,0.0,12.5,3.42,103.0,Moderate
Thiruvananthapuram,2018-12-07,35.04,53.63,5.18,5.67,7.22,3.83,1.73,4.07,39.66,0.0,12.5,3.42,99.0,Satisfactory
Thiruvananthapuram,2018-12-08,28.12,47.04,4.44,6.54,6.76,3.75,1.79,20.81,41.63,0.0,12.5,3.42,100.0,Satisfactory
Thiruvananthapuram,2018-12-09,57.4,85.48,3.84,6.67,6.34,3.76,1.9,7.57,43.05,0.0,12.5,3.42,103.0,Moderate
Thiruvananthapuram,2018-12-10,76.54,114.52,3.6,8.33,6.87,3.87,2.07,2.92,46.45,0.0,12.5,3.42,128.0,Moderate
Thiruvananthapuram,2018-12-11,92.78,124.33,2.99,5.51,4.75,4.01,2.21,8.49,55.01,0.0,12.5,3.42,178.0,Moderate
Thiruvananthapuram,2018-12-12,82.74,115.19,2.95,5.58,5.2,3.66,2.11,4.18,56.52,0.0,12.5,3.42,220.0,Poor
Thiruvananthapuram,2018-12-13,58.89,90.71,2.89,4.51,4.52,3.6,2.11,4.45,58.22,0.0,12.5,3.42,121.0,Moderate
Thiruvananthapuram,2018-12-14,50.27,73.69,3.11,3.67,3.59,3.7,2.1,9.0,64.75,0.0,12.5,3.42,105.0,Moderate
Thiruvananthapuram,2018-12-15,62.32,89.85,2.97,6.35,5.73,3.88,2.39,12.14,43.15,0.0,12.5,3.42,108.0,Moderate
Thiruvananthapuram,2018-12-16,67.93,90.91,3.5,8.25,1.26,1.06,2.32,12.18,47.45,0.0,12.5,3.42,113.0,Moderate
Thiruvananthapuram,2018-12-17,51.07,85.65,3.26,14.95,4.03,2.0,2.06,9.89,48.42,0.0,12.5,3.42,106.0,Moderate
Thiruvananthapuram,2018-12-18,76.05,110.35,2.76,13.72,9.54,4.81,2.37,9.98,62.22,0.0,12.5,3.42,116.0,Moderate
Thiruvananthapuram,2018-12-19,81.61,116.95,2.79,7.98,6.5,6.47,2.94,23.73,62.44,0.0,12.5,3.42,181.0,Moderate
Thiruvananthapuram,2018-12-20,72.14,102.92,2.73,9.16,6.96,5.9,2.53,16.99,62.9,0.0,12.5,3.42,149.0,Moderate
Thiruvananthapuram,2018-12-21,69.3,103.17,2.67,8.28,6.52,5.41,2.77,25.33,65.28,0.0,12.5,3.42,134.0,Moderate
Thiruvananthapuram,2018-12-22,72.7,106.69,2.73,9.4,7.08,6.72,2.91,24.59,60.36,0.0,12.5,3.42,118.0,Moderate
Thiruvananthapuram,2018-12-23,41.69,60.51,2.76,5.38,5.11,5.51,2.49,16.17,51.55,0.0,12.5,3.42,142.0,Moderate
Thiruvananthapuram,2018-12-24,40.21,60.48,2.78,9.47,7.09,4.69,2.91,18.5,31.19,6.43,12.5,3.42,115.0,Moderate
Thiruvananthapuram,2018-12-25,35.68,52.33,2.63,5.04,4.74,4.63,2.55,9.51,46.36,6.43,12.5,3.42,114.0,Moderate
Thiruvananthapuram,2018-12-26,47.01,69.44,2.66,7.27,5.96,4.92,2.42,11.66,44.99,6.43,12.5,3.42,108.0,Moderate
Thiruvananthapuram,2018-12-27,52.53,81.17,2.65,6.9,5.76,4.98,2.85,17.07,60.74,6.43,12.5,3.42,117.0,Moderate
Thiruvananthapuram,2018-12-28,50.31,79.04,2.63,6.35,5.46,4.75,4.85,34.23,61.71,6.43,12.5,3.42,139.0,Moderate
Thiruvananthapuram,2018-12-29,52.06,85.51,2.61,7.55,5.8,5.14,5.59,18.01,56.83,6.43,12.5,3.42,156.0,Moderate
Thiruvananthapuram,2018-12-30,52.29,83.14,2.66,6.65,5.68,5.1,5.48,13.9,70.07,6.43,12.5,3.42,160.0,Moderate
Thiruvananthapuram,2018-12-31,60.68,99.05,2.65,11.29,7.38,5.5,4.56,15.98,75.33,6.43,12.5,3.42,146.0,Moderate
Thiruvananthapuram,2019-01-01,62.38,99.86,2.79,9.53,7.01,5.39,4.61,13.1,78.49,6.43,12.5,3.42,180.0,Moderate
Thiruvananthapuram,2019-01-02,61.89,98.66,2.51,9.89,7.25,5.75,0.08,13.63,72.82,6.43,12.5,3.42,124.0,Moderate
Thiruvananthapuram,2019-01-03,58.41,92.79,2.69,6.94,5.7,6.15,0.06,20.06,79.3,6.43,12.5,3.42,128.0,Moderate
Thiruvananthapuram,2019-01-04,44.94,80.7,2.84,11.76,8.21,5.63,0.05,22.19,78.4,6.43,12.5,3.42,124.0,Moderate
Thiruvananthapuram,2019-01-05,46.48,85.2,2.82,11.03,8.17,6.03,0.05,30.99,68.5,6.43,12.5,3.42,104.0,Moderate
Thiruvananthapuram,2019-01-06,46.64,79.36,2.64,7.67,6.18,7.57,0.0,30.89,67.82,6.43,12.5,3.42,109.0,Moderate
Thiruvananthapuram,2019-01-07,54.81,91.32,2.71,10.35,7.42,7.47,0.03,25.64,64.79,6.43,12.5,3.42,102.0,Moderate
Thiruvananthapuram,2019-01-08,59.72,93.45,2.57,6.73,5.51,7.48,0.07,20.32,69.65,6.43,12.5,3.42,108.0,Moderate
Thiruvananthapuram,2019-01-09,65.74,104.01,2.58,6.56,5.59,6.99,0.03,23.45,76.67,6.43,12.5,3.42,137.0,Moderate
Thiruvananthapuram,2019-01-10,55.81,92.53,2.57,9.73,7.2,6.58,0.0,17.98,77.91,6.43,12.5,3.42,141.0,Moderate
Thiruvananthapuram,2019-01-11,63.93,99.11,2.49,8.32,6.46,6.82,0.0,35.33,83.38,6.43,12.5,3.42,127.0,Moderate
Thiruvananthapuram,2019-01-12,68.12,102.28,2.44,8.46,6.28,7.21,0.0,15.31,74.35,6.43,12.5,3.42,126.0,Moderate
Thiruvananthapuram,2019-01-13,60.71,95.19,2.49,6.38,5.42,6.49,0.0,24.64,76.74,6.43,12.5,3.42,125.0,Moderate
Thiruvananthapuram,2019-01-14,73.06,110.44,2.6,10.3,7.57,6.5,0.0,22.15,66.58,6.43,12.5,3.42,131.0,Moderate
Thiruvananthapuram,2019-01-15,70.43,105.47,2.58,8.18,6.35,6.13,0.01,19.25,69.94,6.43,12.5,3.42,132.0,Moderate
Thiruvananthapuram,2019-01-16,76.85,116.02,2.42,10.76,7.56,6.01,0.0,21.95,84.14,6.43,12.5,3.42,160.0,Moderate
Thiruvananthapuram,2019-01-17,62.24,97.88,2.51,9.23,6.9,5.91,0.0,17.06,81.37,6.43,12.5,3.42,147.0,Moderate
Thiruvananthapuram,2019-01-18,76.8,118.3,2.84,13.28,9.25,6.54,0.06,15.24,74.07,6.43,12.5,3.42,126.0,Moderate
Thiruvananthapuram,2019-01-19,76.27,112.76,2.54,9.91,7.2,6.32,0.02,22.8,88.77,6.43,12.5,3.42,164.0,Moderate
Thiruvananthapuram,2019-01-20,82.99,120.86,2.23,10.97,7.54,6.77,0.36,20.22,81.16,6.43,12.5,3.42,159.0,Moderate
Thiruvananthapuram,2019-01-21,79.17,114.98,1.12,17.3,9.89,6.31,1.11,13.38,51.39,6.43,12.5,3.42,176.0,Moderate
Thiruvananthapuram,2019-01-22,61.19,95.33,1.13,14.36,8.29,6.86,0.93,10.14,68.24,6.43,12.5,3.42,132.0,Moderate
Thiruvananthapuram,2019-01-23,70.86,107.83,1.02,12.85,7.6,7.58,0.87,7.48,81.49,6.43,12.5,3.42,135.0,Moderate
Thiruvananthapuram,2019-01-24,73.6,108.97,1.08,11.71,6.94,7.53,0.95,8.5,77.46,6.43,12.5,3.42,164.0,Moderate
Thiruvananthapuram,2019-01-25,59.53,90.38,0.97,10.75,6.32,6.56,0.97,6.37,71.51,6.43,12.5,3.42,121.0,Moderate
Thiruvananthapuram,2019-01-26,52.82,81.14,0.93,8.6,5.33,5.76,0.81,5.02,64.39,6.43,12.5,3.42,95.0,Satisfactory
Thiruvananthapuram,2019-01-27,40.59,72.21,0.92,5.78,3.82,4.97,0.6,2.44,74.93,6.43,12.5,3.42,94.0,Satisfactory
Thiruvananthapuram,2019-01-28,41.14,72.15,0.99,7.31,4.58,4.61,0.71,4.7,71.42,6.43,12.5,3.42,94.0,Satisfactory
Thiruvananthapuram,2019-01-29,34.56,59.82,0.97,7.12,4.43,4.19,0.69,4.24,64.37,6.43,12.5,3.42,100.0,Satisfactory
Thiruvananthapuram,2019-01-30,39.99,67.14,0.95,8.55,5.3,4.53,0.76,4.75,69.67,6.43,12.5,3.42,90.0,Satisfactory
Thiruvananthapuram,2019-01-31,39.49,65.93,0.95,8.46,5.22,4.35,0.69,8.99,91.71,6.43,12.5,3.42,118.0,Moderate
Thiruvananthapuram,2019-02-01,40.29,71.48,0.95,8.31,5.06,4.72,0.68,8.87,86.53,6.43,12.5,3.42,119.0,Moderate
Thiruvananthapuram,2019-02-02,48.82,79.06,0.99,9.97,5.9,5.23,0.84,7.74,71.97,6.43,12.5,3.42,107.0,Moderate
Thiruvananthapuram,2019-02-03,39.42,64.31,0.96,6.61,4.22,5.43,0.67,4.04,67.59,6.43,12.5,3.42,92.0,Satisfactory
Thiruvananthapuram,2019-02-04,46.75,74.89,0.93,10.87,6.31,5.26,0.92,7.43,58.98,6.43,12.5,3.42,82.0,Satisfactory
Thiruvananthapuram,2019-02-05,42.5,69.57,1.21,10.77,6.4,4.72,0.93,4.78,58.86,6.43,12.5,3.42,81.0,Satisfactory
Thiruvananthapuram,2019-02-06,37.67,57.39,1.0,8.61,5.22,5.47,0.85,2.12,58.54,6.43,12.5,3.42,86.0,Satisfactory
Thiruvananthapuram,2019-02-07,46.17,72.17,1.03,8.5,5.31,5.5,0.75,7.82,64.32,6.43,12.5,3.42,88.0,Satisfactory
Thiruvananthapuram,2019-02-08,56.66,85.64,0.98,9.75,5.86,5.82,0.89,7.24,69.29,6.43,12.5,3.42,110.0,Moderate
Thiruvananthapuram,2019-02-09,56.59,85.04,0.96,7.65,4.78,5.5,0.81,5.03,62.04,6.43,12.5,3.42,104.0,Moderate
Thiruvananthapuram,2019-02-10,37.03,59.82,1.01,8.72,5.33,4.39,0.78,16.43,42.33,6.43,12.5,3.42,76.0,Satisfactory
Thiruvananthapuram,2019-02-11,32.65,60.12,0.9,9.33,5.5,4.81,0.85,5.14,46.91,6.43,12.5,3.42,71.0,Satisfactory
Thiruvananthapuram,2019-02-12,36.0,64.67,0.9,10.87,6.22,4.85,0.86,1.96,51.21,6.43,12.5,3.42,78.0,Satisfactory
Thiruvananthapuram,2019-02-13,38.32,73.93,1.08,11.0,6.33,5.02,0.86,2.77,71.82,6.43,12.5,3.42,96.0,Satisfactory
Thiruvananthapuram,2019-02-14,45.27,82.9,0.87,9.2,5.41,5.67,0.84,5.15,61.49,6.43,12.5,3.42,91.0,Satisfactory
Thiruvananthapuram,2019-02-15,44.81,78.98,0.98,8.54,5.27,5.2,0.84,6.64,71.49,6.43,12.5,3.42,98.0,Satisfactory
Thiruvananthapuram,2019-02-16,36.43,65.73,0.9,6.59,4.18,4.68,0.73,7.9,69.86,6.43,12.5,3.42,96.0,Satisfactory
Thiruvananthapuram,2019-02-17,32.9,64.89,0.93,5.37,3.61,4.33,0.67,2.44,53.57,6.43,12.5,3.42,78.0,Satisfactory
Thiruvananthapuram,2019-02-18,31.41,61.82,0.92,6.46,4.06,3.91,0.66,2.23,60.2,6.43,12.5,3.42,80.0,Satisfactory
Thiruvananthapuram,2019-02-19,27.75,57.21,0.91,5.33,3.42,4.3,0.67,1.86,51.1,6.43,12.5,3.42,65.0,Satisfactory
Thiruvananthapuram,2019-02-20,35.35,67.65,0.92,5.28,3.52,4.45,0.67,6.33,54.39,6.43,12.5,3.42,77.0,Satisfactory
Thiruvananthapuram,2019-02-21,22.44,50.94,0.99,6.19,3.95,4.44,0.59,6.93,64.79,6.43,12.5,3.42,79.0,Satisfactory
Thiruvananthapuram,2019-02-22,23.74,54.29,1.02,7.86,4.75,4.71,0.68,5.78,58.99,6.43,12.5,3.42,78.0,Satisfactory
Thiruvananthapuram,2019-02-23,28.5,60.73,0.95,6.58,4.19,4.82,0.55,3.81,71.74,6.43,12.5,3.42,90.0,Satisfactory
Thiruvananthapuram,2019-02-24,27.97,58.6,0.91,6.03,3.88,4.69,0.56,3.62,74.11,6.43,12.5,3.42,104.0,Moderate
Thiruvananthapuram,2019-02-25,37.34,68.04,0.9,7.22,4.44,4.76,0.69,5.49,69.58,6.43,12.5,3.42,95.0,Satisfactory
Thiruvananthapuram,2019-02-26,40.97,68.32,0.91,5.93,3.88,4.44,0.65,3.18,66.22,6.43,12.5,3.42,93.0,Satisfactory
Thiruvananthapuram,2019-02-27,33.72,67.47,0.92,5.64,3.63,3.95,0.63,2.09,60.65,6.43,12.5,3.42,78.0,Satisfactory
Thiruvananthapuram,2019-02-28,31.09,74.96,0.89,5.82,3.74,3.61,0.67,2.03,59.96,6.43,12.5,3.42,84.0,Satisfactory
Thiruvananthapuram,2019-03-01,31.38,88.46,1.02,5.44,3.69,3.45,0.58,4.06,67.86,6.43,12.5,3.42,88.0,Satisfactory
Thiruvananthapuram,2019-03-02,30.46,68.2,0.96,6.55,4.11,3.45,0.74,3.83,60.34,6.43,12.5,3.42,90.0,Satisfactory
Thiruvananthapuram,2019-03-03,35.12,63.12,0.97,4.7,3.29,3.32,0.64,3.72,63.59,6.43,12.5,3.42,85.0,Satisfactory
Thiruvananthapuram,2019-03-04,44.45,69.4,0.8,5.6,3.57,3.29,0.76,5.66,62.83,6.43,12.5,3.42,86.0,Satisfactory
Thiruvananthapuram,2019-03-05,21.33,58.71,0.9,4.75,3.16,3.1,0.62,1.49,57.22,6.43,12.5,3.42,80.0,Satisfactory
Thiruvananthapuram,2019-03-06,19.0,67.2,0.92,4.76,3.24,2.87,0.57,1.92,49.41,6.43,12.5,3.42,66.0,Satisfactory
Thiruvananthapuram,2019-03-07,58.12,178.24,0.77,5.66,3.52,2.87,0.65,5.76,58.6,6.43,12.5,3.42,116.0,Moderate
Thiruvananthapuram,2019-03-08,40.41,126.39,0.93,6.05,3.82,3.11,0.68,5.13,48.91,6.43,12.5,3.42,137.0,Moderate
Thiruvananthapuram,2019-03-09,29.82,86.59,0.9,4.32,2.99,3.58,0.65,1.27,59.11,6.43,12.5,3.42,106.0,Moderate
Thiruvananthapuram,2019-03-10,26.06,60.76,0.91,4.95,3.31,3.77,0.66,4.36,61.11,6.43,12.5,3.42,83.0,Satisfactory
Thiruvananthapuram,2019-03-11,29.97,70.94,0.9,5.95,3.73,3.76,0.75,9.61,56.11,6.43,12.5,3.42,77.0,Satisfactory
Thiruvananthapuram,2019-03-12,36.67,72.46,0.93,5.46,3.63,3.58,0.66,3.83,64.88,6.43,12.5,3.42,99.0,Satisfactory
Thiruvananthapuram,2019-03-13,48.85,96.27,0.86,8.47,5.07,4.01,0.83,4.84,94.17,6.43,12.5,3.42,74.0,Satisfactory
Thiruvananthapuram,2019-03-14,42.82,87.99,0.88,5.53,3.65,3.63,0.74,3.08,67.26,6.43,12.5,3.42,142.0,Moderate
Thiruvananthapuram,2019-03-15,39.88,85.38,1.05,8.76,5.31,4.57,0.86,4.17,97.28,6.43,12.5,3.42,88.0,Satisfactory
Thiruvananthapuram,2019-03-16,44.04,88.36,0.95,7.15,4.39,4.09,0.83,5.28,66.07,6.43,12.5,3.42,94.0,Satisfactory
Thiruvananthapuram,2019-03-17,46.07,87.18,0.87,5.94,3.76,3.79,0.81,4.1,69.55,6.43,12.5,3.42,101.0,Moderate
Thiruvananthapuram,2019-03-18,35.14,72.39,0.84,6.12,3.87,3.55,0.83,6.37,58.82,6.43,12.5,3.42,88.0,Satisfactory
Thiruvananthapuram,2019-03-19,33.45,65.23,0.93,7.64,4.4,3.32,0.89,7.03,48.67,6.43,12.5,3.42,80.0,Satisfactory
Thiruvananthapuram,2019-03-20,31.39,62.21,0.89,7.05,4.35,3.41,0.89,7.4,45.72,6.43,12.5,3.42,69.0,Satisfactory
